{
    "AWSTemplateFormatVersion": "2010-09-09",
    "Parameters": {
        "SNSTopicRun": {
            "Description": "SNS Topic Name for Inspector Run",
            "Type": "String"
        },
        "InspectorDuration": {
            "Description": "Time(sec) duration for Inspector",
            "Type": "Number",
            "Default": "900"
        },
        "RunInspectorKey": {
            "Description": "Key Name for Inspector Run Lambda Function",
            "Type": "String",
            "Default": "InspectorRunner_New.zip"
        },
        "SendNotificationKey": {
            "Description": "Key Name for Send Notification Lambda Function",
            "Type": "String",
            "Default": "inspectorSNS_New.zip"
        },
        "TopicNameSES": {
            "Description": "Topic Name for SNS triggerring SES Lambda",
            "Type": "String"
        },
        "ValueResourceGroup": {
            "Description": "Attribute Value for Inspector Resource Group",
            "Type": "String"
        },
        "KeyResourceGroup": {
            "Description": "Attribute Key for Inspector Resource Group",
            "Type": "String"
        },
        "AssessmentTemplateNamePara": {
            "Description": "What to name the AWS Inspector Assessment Template",
            "Type": "String",
            "Default": "inspector-assessment-template"
        },
        "AssessmentTargetNamePara": {
            "Description": "What to name the AWS Inspector Assessment Target",
            "Type": "String",
            "Default": "inspector-assessment-target"
        },
        "AccessControl": {
            "Type": "String",
            "AllowedValues": [
                "Authenticatedead",
                "AwsExecRead",
                "BucketOwnerRead",
                "BucketOwnerFullControl",
                "LogDeliveryWrite",
                "Private"
            ],
            "Default": "Private"
        },
        "BucketName": {
            "Type": "String",
            "AllowedPattern": "^edfe-[a-z0-9]*-[a-z0-9]*-[a-z0-9]*$",
            "Description": "Must be lowercase, dashes, no spaces.e.g. edfe-businessUnit-bucket-environmet[edfe-cus-testbucket-dev] ",
            "ConstraintDescription": "Must be lowercase, dashes, no spaces."
        },
        "KMSARN": {
            "Type": "String",
            "Description": "ARN of KMS Key for server side encryption",
            "MinLength": "1",
            "ConstraintDescription": "KMSARN must not be empty."
        },
        "BusinessUnit": {
            "Type": "String",
            "Default": "Enterprise",
            "AllowedValues": [
                "Enterprise",
                "Corporate",
                "Customers",
                "Generation",
                "Nuclear"
            ]
        },
        "MajorFunction": {
            "Type": "String",
            "Description": "Sub Business Unit or core component group (Mandatory)",
            "Default": "Communications",
            "AllowedValues": [
                "Communications",
                "Integration",
                "Management",
                "Security",
                "Finance",
                "Human Resources",
                "Strategy Corporate Affairs",
                "Operations",
                "Sales Marketing",
                "Wholesale Market Optimisation",
                "Coal Gas Renewables",
                "Nuclear Generation",
                "DevOps"
            ],
            "ConstraintDescription": "Major Function cannot be empty."
        },
        "Service": {
            "Type": "String",
            "Description": "Service type e.g. BOOMI, DCC, Firewall (Mandatory)",
            "MinLength": "1"
        },
        "CostCentre": {
            "Type": "String",
            "Description": "Cost Centre e.g. CITR, OXTR, TAG (Mandatory)",
            "MinLength": "1",
            "AllowedPattern": "[a-zA-Z0-9\\-\\s\\t]*",
            "ConstraintDescription": "CostCentre may contain alphanumeric characters with space and cannot be empty."
        },
        "Environment": {
            "Type": "String",
            "Default": "Development",
            "AllowedValues": [
                "Development",
                "Test",
                "PreProduction",
                "Production",
                "SandPit",
                "Security"
            ]
        },
        "ServiceLevel": {
            "Type": "String",
            "Default": "Gold",
            "AllowedValues": [
                "Platinum",
                "Gold",
                "Silver",
                "Bronze"
            ]
        },
        "WorkOrder": {
            "Type": "String",
            "Description": "Work Order Reference Number",
            "AllowedPattern": "[a-zA-Z0-9\\-\\s\\t]*",
            "ConstraintDescription": "WorkOrder may contain alphanumeric characters with space and can be empty."
        }
    },
    "Mappings": {
        "RegionMap": {
            "us-east-1": {
                "inspectorAccount": "316112463485"
            },
            "us-west-2": {
                "inspectorAccount": "758058086616"
            },
            "us-west-1": {
                "inspectorAccount": "166987590008"
            },
            "eu-west-1": {
                "inspectorAccount": "357557129151"
            },
            "eu-central-1": {
                "inspectorAccount": "537503971621"
            },
            "ap-northeast-1": {
                "inspectorAccount": "406045910587"
            },
            "ap-northeast-2": {
                "inspectorAccount": "526946625049"
            },
            "ap-southeast-2": {
                "inspectorAccount": "454640832652"
            },
            "ap-south-1": {
                "inspectorAccount": "162588757376"
            }
        },
        "RulesPackageIds": {
            "us-east-1": {
                "1": "0-R01qwB5Q",
                "2": "0-gBONHN9h",
                "3": "0-gEjTy7T7",
                "4": "0-rExsr2X8"
            },
            "us-west-1": {
                "1": "0-TKgzoVOa",
                "2": "0-byoQRFYm",
                "3": "0-xUY8iRqX",
                "4": "0-yeYxlt0x"
            },
            "us-west-2": {
                "1": "0-9hgA516p",
                "2": "0-H5hpSawc",
                "3": "0-JJOtZiqQ",
                "4": "0-vg5GGHSD"
            },
            "eu-west-1": {
                "1": "0-SnojL3Z6",
                "2": "0-lLmwe1zd",
                "3": "0-sJBhCr0F",
                "4": "0-ubA5XvBh"
            },
            "eu-central-1": {
                "1": "0-0GMUM6fg",
                "2": "0-ZujVHEPB",
                "3": "0-nZrAVuv8",
                "4": "0-wNqHa8M9"
            },
            "ap-northeast-1": {
                "1": "0-7WNjqgGu",
                "2": "0-bBUQnxMq",
                "3": "0-gHP9oWNT",
                "4": "0-knGBhqEu"
            },
            "ap-northeast-2": {
                "1": "0-2WRpmi4n",
                "2": "0-PoGHMznc",
                "3": "0-PoYq7lI7",
                "4": "0-T9srhg1z"
            },
            "ap-southeast-2": {
                "1": "0-D5TGAxiR",
                "2": "0-P8Tel2Xj",
                "3": "0-Vkd2Vxjq",
                "4": "0-asL6HRgN"
            },
            "ap-south-1": {
                "1": "0-EhMQZy6C",
                "2": "0-LqnJE9dO",
                "3": "0-PSUlX14m",
                "4": "0-fs0IZZBj"
            }
        }
    },
    "Metadata": {
        "AWS::CloudFormation::Interface": {
            "ParameterGroups": [
                {
                    "Label": {
                        "default": "Bucket Details"
                    },
                    "Parameters": [
                        "BucketName"
                    ]
                },
                {
                    "Label": {
                        "default": "Access/Policy Details"
                    },
                    "Parameters": [
                        "AccessControl",
                        "KMSARN"
                    ]
                },
                {
                    "Label": {
                        "default": "Business Parameters"
                    },
                    "Parameters": [
                        "MajorFunction",
                        "Service",
                        "CostCentre",
                        "Environment",
                        "ServiceLevel",
                        "WorkOrder"
                    ]
                }
            ],
            "ParameterLabels": {
                "BucketName": {
                    "default": "Bucket Name"
                },
                "AccessControl": {
                    "default": "Access Permission"
                },
                "KMSARN": {
                    "default": "ARN of KMS Key"
                },
                "MajorFunction": {
                    "default": "Major Function"
                },
                "CostCentre": {
                    "default": "Cost Centre"
                },
                "ServiceLevel": {
                    "default": "Service Level"
                },
                "WorkOrder": {
                    "default": "Work Order"
                }
            }
        }
    },
    "Resources": {
        "SnsTopicRun": {
            "Type": "AWS::SNS::Topic",
            "Properties": {
                "Subscription": [
                    {
                        "Endpoint": {
                            "Fn::GetAtt": [
                                "InspectorRunnerLambdaFunction",
                                "Arn"
                            ]
                        },
                        "Protocol": "lambda"
                    }
                ],
                "TopicName": {
                    "Ref": "SNSTopicRun"
                }
            }
        },
        "S3Bucket": {
            "Type": "AWS::S3::Bucket",
            "Properties": {
                "AccessControl": {
                    "Ref": "AccessControl"
                },
                "BucketName": {
                    "Ref": "BucketName"
                },
                "LifecycleConfiguration": {
                    "Rules": [
                        {
                            "Id": "LifeCycleRuleCurrent",
                            "ExpirationInDays": 365,
                            "Transitions": [
                                {
                                    "StorageClass": "GLACIER",
                                    "TransitionInDays": 90
                                }
                            ],
                            "NoncurrentVersionExpirationInDays": 60,
                            "Prefix": "/",
                            "Status": "Enabled"
                        }
                    ]
                },
                "VersioningConfiguration": {
                    "Status": "Enabled"
                },
                "Tags": [
                    {
                        "Key": "Business Unit",
                        "Value": {
                            "Ref": "BusinessUnit"
                        }
                    },
                    {
                        "Key": "Major Function",
                        "Value": {
                            "Ref": "MajorFunction"
                        }
                    },
                    {
                        "Key": "Service",
                        "Value": {
                            "Ref": "Service"
                        }
                    },
                    {
                        "Key": "Cost Centre",
                        "Value": {
                            "Ref": "CostCentre"
                        }
                    },
                    {
                        "Key": "Environment",
                        "Value": {
                            "Ref": "Environment"
                        }
                    },
                    {
                        "Key": "Service Level",
                        "Value": {
                            "Ref": "ServiceLevel"
                        }
                    },
                    {
                        "Key": "Work Order",
                        "Value": {
                            "Ref": "WorkOrder"
                        }
                    }
                ]
            }
        },
        "BucketPolicy": {
            "Type": "AWS::S3::BucketPolicy",
            "Properties": {
                "Bucket": {
                    "Ref": "S3Bucket"
                },
                "PolicyDocument": {
                    "Version": "2012-10-17",
                    "Statement": [
                        {
                            "Sid": "DenyUnEncryptedObjectUploads",
                            "Action": [
                                "s3:PutObject"
                            ],
                            "Effect": "Deny",
                            "Resource": {
                                "Fn::Join": [
                                    "",
                                    [
                                        "arn:aws:s3:::",
                                        {
                                            "Ref": "S3Bucket"
                                        },
                                        "/*"
                                    ]
                                ]
                            },
                            "Principal": "*",
                            "Condition": {
                                "StringNotEquals": {
                                    "s3:x-amz-server-side-encryption-aws-kms-key-id": {
                                        "Ref": "KMSARN"
                                    }
                                }
                            }
                        },
                        {
                            "Sid": "IPAllow",
                            "Effect": "Deny",
                            "Principal": "*",
                            "Action": "s3:*",
                            "Resource": {
                                "Fn::Join": [
                                    "",
                                    [
                                        "arn:aws:s3:::",
                                        {
                                            "Ref": "S3Bucket"
                                        },
                                        "/*"
                                    ]
                                ]
                            },
                            "Condition": {
                                "NotIpAddress": {
                                    "aws:SourceIp": [
                                        "195.59.68.128/25",
                                        "195.59.168.0/25"
                                    ]
                                }
                            }
                        }
                    ]
                }
            }
        },
        "lambdaInspectorRole": {
            "Type": "AWS::IAM::Role",
            "Properties": {
                "AssumeRolePolicyDocument": {
                    "Version": "2012-10-17",
                    "Statement": [
                        {
                            "Sid": "LambdaInspectorRoleAccess",
                            "Action": "sts:AssumeRole",
                            "Effect": "Allow",
                            "Principal": {
                                "Service": "lambda.amazonaws.com"
                            }
                        },
                        {
                            "Sid": "AwsInspectorRoleAccess",
                            "Action": "sts:AssumeRole",
                            "Effect": "Allow",
                            "Principal": {
                                "Service": "inspector.amazonaws.com"
                            },
                            "Condition": {
                                "StringEquals": {
                                    "sts:ExternalId": {
                                        "Ref": "AWS::AccountId"
                                    }
                                }
                            }
                        }
                    ]
                }
            }
        },
        "AWSInspectorServiceRoleInlinePolicy": {
            "Type": "AWS::IAM::Policy",
            "Properties": {
                "PolicyDocument": {
                    "Version": "2012-10-17",
                    "Statement": [
                        {
                            "Effect": "Allow",
                            "Action": [
                                "ec2:DescribeInstances"
                            ],
                            "Resource": [
                                "*"
                            ]
                        }
                    ]
                },
                "PolicyName": "AWSInspectorServiceRoleInlinePolicy",
                "Roles": [
                    {
                        "Ref": "lambdaInspectorRole"
                    }
                ]
            }
        },
        "LambdaRoleInlinePolicy": {
            "Type": "AWS::IAM::Policy",
            "Properties": {
                "PolicyDocument": {
                    "Version": "2012-10-17",
                    "Statement": [
                        {
                            "Effect": "Allow",
                            "Action": [
                                "logs:CreateLogGroup",
                                "logs:CreateLogStream",
                                "logs:PutLogEvents"
                            ],
                            "Resource": "arn:aws:logs:*:*:*"
                        },
                        {
                            "Effect": "Allow",
                            "Action": [
                                "sns:*",
                                "iam:ListAccount*"
                            ],
                            "Resource": "*"
                        },
                        {
                            "Effect": "Allow",
                            "Action": [
                                "inspector:*",
                                "ec2:DescribeInstances",
                                "ec2:DescribeTags",
                                "ec2:TerminateInstances",
                                "ec2:StopInstances",
                                "ec2:DetachVolume",
                                "ec2:DeleteVolume",
                                "s3:GetObject",
                                "s3:GetObjectAcl",
                                "s3:PutObject",
                                "S3:ListBucket",
                                "s3:PutObjectAcl",
                                "ses:SendEmail"
                            ],
                            "Resource": "*"
                        }
                    ]
                },
                "PolicyName": "LambdaRoleInlinePolicy",
                "Roles": [
                    {
                        "Ref": "LambdaRole"
                    }
                ]
            }
        },
        "lambdaInspectorInlinePolicy": {
            "Type": "AWS::IAM::Policy",
            "Properties": {
                "PolicyDocument": {
                    "Version": "2012-10-17",
                    "Statement": [
                        {
                            "Effect": "Allow",
                            "Action": [
                                "logs:CreateLogGroup",
                                "logs:CreateLogStream",
                                "logs:PutLogEvents"
                            ],
                            "Resource": "arn:aws:logs:*:*:*"
                        },
                        {
                            "Effect": "Allow",
                            "Action": [
                                "inspector:Create*",
                                "inspector:SubscribeToEvent",
                                "inspector:DescribeFindings",
                                "inspector:ListAssessmentRuns",
                                "inspector:ListAssessmentTemplates",
                                "inspector:ListFindings",
                                "inspector:StartAssessmentRun",
                                "inspector:RegisterCrossAccountAccessRole",
                                "lambda:InvokeFunction",
                                "iam:List*",
                                "s3:*",
                                "iam:PassRole"
                            ],
                            "Resource": "*"
                        }
                    ]
                },
                "PolicyName": "LambdaInspectorInlinePolicy",
                "Roles": [
                    {
                        "Ref": "lambdaInspectorRole"
                    }
                ]
            }
        },
        "InspectorRunnerLambdaFunction": {
            "Type": "AWS::Lambda::Function",
            "Properties": {
                "Handler": "lambda_function.lambda_handler",
                "Role": {
                    "Fn::GetAtt": [
                        "lambdaInspectorRole",
                        "Arn"
                    ]
                },
                "Environment": {
                    "Variables": {
                        "SnsTopicToPushInspectorFindings": {
                            "Ref": "SnsTopicToPushInspectorFindings"
                        },
                        "AWSInspectorServiceRole": {
                            "Fn::GetAtt": [
                                "lambdaInspectorRole",
                                "Arn"
                            ]
                        },
                        "Template": {
                            "Fn::GetAtt": [
                                "AssessmentTemplateName",
                                "Arn"
                            ]
                        }
                    }
                },
                "Code": {
                    "S3Bucket": "edfe-ent-lambdainspector-security",
                    "S3Key": {
                        "Ref": "RunInspectorKey"
                    }
                },
                "Runtime": "python2.7",
                "MemorySize": 256,
                "Timeout": 300
            }
        },
        "AssessmentTargetName": {
            "Type": "AWS::Inspector::AssessmentTarget",
            "Properties": {
                "AssessmentTargetName": {
                    "Ref": "AssessmentTargetNamePara"
                },
                "ResourceGroupArn": {
                    "Fn::GetAtt": [
                        "AssesmentResourceGroup",
                        "Arn"
                    ]
                }
            }
        },
        "AssessmentTemplateName": {
            "Type": "AWS::Inspector::AssessmentTemplate",
            "Properties": {
                "AssessmentTargetArn": {
                    "Fn::GetAtt": [
                        "AssessmentTargetName",
                        "Arn"
                    ]
                },
                "DurationInSeconds": {
                    "Ref": "InspectorDuration"
                },
                "AssessmentTemplateName": {
                    "Ref": "AssessmentTemplateNamePara"
                },
                "RulesPackageArns": [
                    {
                        "Fn::Join": [
                            "",
                            [
                                {
                                    "Fn::Sub": [
                                        "arn:aws:inspector:${region}",
                                        {
                                            "region": {
                                                "Ref": "AWS::Region"
                                            }
                                        }
                                    ]
                                },
                                {
                                    "Fn::Sub": [
                                        ":${ruleAccount}:rulespackage/",
                                        {
                                            "ruleAccount": {
                                                "Fn::FindInMap": [
                                                    "RegionMap",
                                                    {
                                                        "Ref": "AWS::Region"
                                                    },
                                                    "inspectorAccount"
                                                ]
                                            }
                                        }
                                    ]
                                },
                                {
                                    "Fn::Sub": [
                                        "${rulePackage}",
                                        {
                                            "rulePackage": {
                                                "Fn::FindInMap": [
                                                    "RulesPackageIds",
                                                    {
                                                        "Ref": "AWS::Region"
                                                    },
                                                    "1"
                                                ]
                                            }
                                        }
                                    ]
                                }
                            ]
                        ]
                    },
                    {
                        "Fn::Join": [
                            "",
                            [
                                {
                                    "Fn::Sub": [
                                        "arn:aws:inspector:${region}",
                                        {
                                            "region": {
                                                "Ref": "AWS::Region"
                                            }
                                        }
                                    ]
                                },
                                {
                                    "Fn::Sub": [
                                        ":${ruleAccount}:rulespackage/",
                                        {
                                            "ruleAccount": {
                                                "Fn::FindInMap": [
                                                    "RegionMap",
                                                    {
                                                        "Ref": "AWS::Region"
                                                    },
                                                    "inspectorAccount"
                                                ]
                                            }
                                        }
                                    ]
                                },
                                {
                                    "Fn::Sub": [
                                        "${rulePackage}",
                                        {
                                            "rulePackage": {
                                                "Fn::FindInMap": [
                                                    "RulesPackageIds",
                                                    {
                                                        "Ref": "AWS::Region"
                                                    },
                                                    "2"
                                                ]
                                            }
                                        }
                                    ]
                                }
                            ]
                        ]
                    },
                    {
                        "Fn::Join": [
                            "",
                            [
                                {
                                    "Fn::Sub": [
                                        "arn:aws:inspector:${region}",
                                        {
                                            "region": {
                                                "Ref": "AWS::Region"
                                            }
                                        }
                                    ]
                                },
                                {
                                    "Fn::Sub": [
                                        ":${ruleAccount}:rulespackage/",
                                        {
                                            "ruleAccount": {
                                                "Fn::FindInMap": [
                                                    "RegionMap",
                                                    {
                                                        "Ref": "AWS::Region"
                                                    },
                                                    "inspectorAccount"
                                                ]
                                            }
                                        }
                                    ]
                                },
                                {
                                    "Fn::Sub": [
                                        "${rulePackage}",
                                        {
                                            "rulePackage": {
                                                "Fn::FindInMap": [
                                                    "RulesPackageIds",
                                                    {
                                                        "Ref": "AWS::Region"
                                                    },
                                                    "3"
                                                ]
                                            }
                                        }
                                    ]
                                }
                            ]
                        ]
                    },
                    {
                        "Fn::Join": [
                            "",
                            [
                                {
                                    "Fn::Sub": [
                                        "arn:aws:inspector:${region}",
                                        {
                                            "region": {
                                                "Ref": "AWS::Region"
                                            }
                                        }
                                    ]
                                },
                                {
                                    "Fn::Sub": [
                                        ":${ruleAccount}:rulespackage/",
                                        {
                                            "ruleAccount": {
                                                "Fn::FindInMap": [
                                                    "RegionMap",
                                                    {
                                                        "Ref": "AWS::Region"
                                                    },
                                                    "inspectorAccount"
                                                ]
                                            }
                                        }
                                    ]
                                },
                                {
                                    "Fn::Sub": [
                                        "${rulePackage}",
                                        {
                                            "rulePackage": {
                                                "Fn::FindInMap": [
                                                    "RulesPackageIds",
                                                    {
                                                        "Ref": "AWS::Region"
                                                    },
                                                    "4"
                                                ]
                                            }
                                        }
                                    ]
                                }
                            ]
                        ]
                    }
                ]
            }
        },
        "AssesmentResourceGroup": {
            "Type": "AWS::Inspector::ResourceGroup",
            "Properties": {
                "ResourceGroupTags": [
                    {
                        "Key": {
                            "Ref": "KeyResourceGroup"
                        },
                        "Value": {
                            "Ref": "ValueResourceGroup"
                        }
                    }
                ]
            }
        },
        "InspectorSNSTopicPolicy": {
            "Type": "AWS::SNS::TopicPolicy",
            "Properties": {
                "PolicyDocument": {
                    "Id": "InspectorSNSPolicy",
                    "Version": "2012-10-17",
                    "Statement": [
                        {
                            "Sid": "InspectorSNSPolicy",
                            "Effect": "Allow",
                            "Principal": {
                                "AWS": {
                                    "Fn::Sub": [
                                        "arn:aws:iam::${ruleAccount}:root",
                                        {
                                            "ruleAccount": {
                                                "Fn::FindInMap": [
                                                    "RegionMap",
                                                    {
                                                        "Ref": "AWS::Region"
                                                    },
                                                    "inspectorAccount"
                                                ]
                                            }
                                        }
                                    ]
                                }
                            },
                            "Action": [
                                "sns:Subscribe",
                                "sns:Publish"
                            ],
                            "Resource": "*"
                        }
                    ]
                },
                "Topics": [
                    {
                        "Ref": "SnsTopicToPushInspectorFindings"
                    }
                ]
            }
        },
        "SnsTopicToPushInspectorFindings": {
            "Type": "AWS::SNS::Topic",
            "Properties": {
                "Subscription": [
                    {
                        "Endpoint": {
                            "Fn::GetAtt": [
                                "InspectorToSnsLambdaFunction",
                                "Arn"
                            ]
                        },
                        "Protocol": "lambda"
                    }
                ],
                "TopicName": {
                    "Ref": "TopicNameSES"
                }
            }
        },
        "LambdaRole": {
            "Type": "AWS::IAM::Role",
            "Properties": {
                "AssumeRolePolicyDocument": {
                    "Version": "2012-10-17",
                    "Statement": [
                        {
                            "Sid": "LambdaInspectorRoleAccess",
                            "Action": "sts:AssumeRole",
                            "Effect": "Allow",
                            "Principal": {
                                "Service": "lambda.amazonaws.com"
                            }
                        },
                        {
                            "Sid": "AwsInspectorRoleAccess",
                            "Action": "sts:AssumeRole",
                            "Effect": "Allow",
                            "Principal": {
                                "Service": "inspector.amazonaws.com"
                            },
                            "Condition": {
                                "StringEquals": {
                                    "sts:ExternalId": {
                                        "Ref": "AWS::AccountId"
                                    }
                                }
                            }
                        }
                    ]
                }
            }
        },
        "InspectorToSnsLambdaFunction": {
            "Type": "AWS::Lambda::Function",
            "Properties": {
                "Code": {
                    "S3Bucket": "edfe-ent-lambdainspector-security",
                    "S3Key": {
                        "Ref": "SendNotificationKey"
                    }
                },
                "Handler": "index.handler",
                "MemorySize": 256,
                "Role": {
                    "Fn::GetAtt": [
                        "LambdaRole",
                        "Arn"
                    ]
                },
                "Runtime": "python2.7",
                "Environment": {
                    "Variables": {
                        "Template": {
                            "Fn::GetAtt": [
                                "AssessmentTemplateName",
                                "Arn"
                            ]
                        },
                        "LambdaBucket": {
                            "Ref": "S3Bucket"
                        },
                        "KMSKey": {
                            "Ref": "KMSARN"
                        }
                    }
                },
                "Timeout": 300
            }
        },
        "PermissionForEventsToInvokeLambda": {
            "Type": "AWS::Lambda::Permission",
            "Properties": {
                "Action": "lambda:InvokeFunction",
                "Principal": "sns.amazonaws.com",
                "SourceArn": {
                    "Ref": "SnsTopicToPushInspectorFindings"
                },
                "FunctionName": {
                    "Fn::GetAtt": [
                        "InspectorToSnsLambdaFunction",
                        "Arn"
                    ]
                }
            }
        }
    },
    "Outputs": {
        "SNSTopicRun": {
            "Description": "SNS topic inspector run arn",
            "Value": {
                "Ref": "SnsTopicRun"
            }
        }
    }
}
