{
"variables":{
                "new_relic_lisence_key": "{{env `new_relic_lisence_key`}}"
                          },
  "provisioners": [  
  
                   {
                   "type": "file",
                   "source": "./awslogs.conf",
                   "destination": "/home/ec2-user/"
                   },
                   {
                               "type": "shell",
                               "inline": [
                                "echo 'export http_proxy=http://vpce-0c9c63af5a7585ed6-ddqm0ofu.vpce-svc-06204172f41f7e867.eu-west-1.vpce.amazonaws.com:3128/' | sudo tee -a /etc/bashrc /etc/init.d/awsagent.env",
                                "echo 'export https_proxy=http://vpce-0c9c63af5a7585ed6-ddqm0ofu.vpce-svc-06204172f41f7e867.eu-west-1.vpce.amazonaws.com:3128/' | sudo tee -a /etc/bashrc /etc/init.d/awsagent.env",
                                "echo 'export no_proxy=169.254.169.254'  | sudo tee -a /etc/bashrc /etc/init.d/awsagent.env",
                                "sudo sed -i '4 i proxy=http://vpce-0c9c63af5a7585ed6-ddqm0ofu.vpce-svc-06204172f41f7e867.eu-west-1.vpce.amazonaws.com:3128' /etc/yum.conf",
                                "source /etc/bashrc /etc/init.d/awsagent.env",
                                "sudo -E yum update -y",
                                "echo ~~~~~~~~~~~~~~~~~'LOGGED IN USER:' `whoami` ~~~~~~~~~~~~~~~~~",
                                "sudo -E easy_install pip",
                                "sudo mkdir -p /opt/aws/bin",
                                "sudo -E yum -y install wget unzip sysstat",
                                "sudo -E yum install gcc libffi-devel python-devel openssl-devel -y",
                                "sudo -E pip install ansible==2.5.0",
                                "sudo -E wget https://d1wk0tztpsntt1.cloudfront.net/linux/latest/install",
                                "sudo -E bash install",
                                "rm -rf install",
                                "sudo -E pip install awscli --upgrade",
                                "sudo chmod +x /bin/aws",
                                "sudo -E yum install perl-Switch perl-DateTime perl-Sys-Syslog perl-LWP-Protocol-https perl-Digest-SHA.x86_64 -y",
                                "mkdir aws-cloudwatch",
                                "cd aws-cloudwatch",
                                "sudo -E curl http://aws-cloudwatch.s3.amazonaws.com/downloads/CloudWatchMonitoringScripts-1.2.1.zip -O",
                                "unzip CloudWatchMonitoringScripts-1.2.1.zip",
                                "rm CloudWatchMonitoringScripts-1.2.1.zip",
                                "cd /tmp",
                                "sudo -E yum install -y https://s3.amazonaws.com/ec2-downloads-windows/SSMAgent/latest/linux_amd64/amazon-ssm-agent.rpm",
                                "sudo systemctl start amazon-ssm-agent",
                                "sudo systemctl enable amazon-ssm-agent",
                                "echo PATH=/usr/local/bin:/usr/bin:/root/.local/bin:/bin:$PATH|sudo tee -a /etc/bashrc",
                                "sudo tar -cvf /root/etc_bak.tar /etc",
                                "echo '~~~~~~~~~~~~~~~~~~~~~~Installing New Relic~~~~~~~~~~~~~~~~~~~~~~~~~~'",
                                "sudo -E yum-config-manager --add-repo https://download.newrelic.com/infrastructure_agent/linux/yum/el/7/x86_64/newrelic-infra.repo",
                                "sudo -E yum-config-manager --enable newrelic-infra",
                                "sudo -E yum install newrelic-infra -y",
                                "sudo -E yum clean all",
                                "sudo systemctl disable newrelic-infra",
                                "sudo systemctl stop newrelic-infra",
                                "sudo -E yum install ruby -y",
                                "sudo mkdir -p /opt/chefdk/chefdir/cookbooks",
                                "wget https://packages.chef.io/files/stable/chefdk/3.0.36/el/7/chefdk-3.0.36-1.el7.x86_64.rpm",
                                "sudo rpm -ivh chefdk-3.0.36-1.el7.x86_64.rpm",
                                "sudo -E pip install https://s3.amazonaws.com/cloudformation-examples/aws-cfn-bootstrap-latest.tar.gz",
                                "sudo ln -s /usr/bin/cfn-hup /opt/aws/bin/cfn-hup",
                                "sudo ln -s /usr/bin/cfn-init /opt/aws/bin/cfn-init",
                                "sudo ln -s /usr/bin/cfn-signal /opt/aws/bin/cfn-signal",
                                "sudo ln -s /usr/bin/cfn-elect-cmd-leader /opt/aws/bin/cfn-elect-cmd-leader",
                                "sudo ln -s /usr/bin/cfn-get-metadata /opt/aws/bin/cfn-get-metadata",
                                "sudo ln -s /usr/bin/cfn-send-cmd-event /opt/aws/bin/cfn-send-cmd-event",
                                "sudo ln -s /usr/bin/cfn-send-cmd-result /opt/aws/bin/cfn-send-cmd-result",
                                "sudo -E curl https://s3.amazonaws.com/aws-cloudwatch/downloads/latest/awslogs-agent-setup.py -O",
                                "sudo -E python ./awslogs-agent-setup.py --region eu-west-1 --non-interactive -c /home/ec2-user/awslogs.conf",
                                "echo '~~~~~~~~~~~~~~~REDHAT VERSION AND KERNEL DETAILS BEFORE UPDATE~~~~~~~~~~~~~~~~~'",
                                "cat /etc/redhat-release",
                                "sudo sudo hostnamectl set-hostname --static LOCALHOST",
                                "sudo rm -rf /var/lib/cloud/*",
                                "uname -a"
                                ]
                              },
                              {
                              "type": "file",
                              "source": "./ansible/RHEL_Hardening_RHEL7.x.tar.gz",
                              "destination": "/home/ec2-user/"
                              },
                              {
                              "type": "ansible",
                              "playbook_file": "./ansible/playbook.yml"
                              }
],
"builders": [
                               {
    "type": "amazon-ebs",
    "region": "eu-west-1",
    "source_ami": "ami-c90195b0",
    "instance_type": "t2.micro",
    "vpc_id": "vpc-741d5b12",
    "subnet_id":"subnet-cae75cac",
    "iam_instance_profile": "R_AWSCASEnterpriseSecurity_SSM_PRD",
    "ssh_interface":"private_ip",
    "ssh_username": "ec2-user",
    "security_group_id":"sg-a35299df",
    "ami_name": "AWS_DUB_AMI_EntSec_Rhel_7.5_{{isotime \"02012006\"}}",
    "launch_block_device_mappings": [
    {
      "device_name": "/dev/sda1",
      "volume_size": 50,
      "volume_type": "gp2",
      "delete_on_termination": true
    }
  ],
    "run_tags": {
        "Business Unit":"Enterprise",
                                "Major Function": "Enterprise IT",
                                "Name": "GoldenAMI-RedHat-7.5-Build",
                                "Environment": "Production",
                                "Service": "Cloud Platform",
                                "Service Level": "Bronze",
                                "Work Order": "6C040486",
                                "Cost Centre": "TABB",
                                "Creator": "Jenkins_pipeline"
      },
   "tags": {
                                "Name": "AWS_DUB_AMI_EntSec_Rhel_7.5_{{isotime \"02012006\"}}",
                                "Business Unit":"Finance",
                                "Major Function": "Enterprise IT",
                                "Environment": "Production",
                                "Service": "Cloud Platform",
                                "Service Level": "Bronze",
                                "Work Order": "6C040486",
                                "Cost Centre": "TABB",
                                "Creator": "Jenkins_pipeline"
   },
  "ami_description": "RHEL with Ansible,AWS Inspector Agent,AWS CLI,AWS CloudWatch Monitoring Scripts,AWS SSM Agent.",
  "associate_public_ip_address": "false"
    
                               }
  ],
"post-processors": [
{
  "type": "manifest",
  "output": "/tmp/manifest.json",
  "strip_path": true
}
]
}
