{
    "AWSTemplateFormatVersion": "2010-09-09",
    "Description": "Creates a Default kms key with restricted policy.",
    "Parameters": {
        "pKmsKeyAliasName": {
            "Description": "KMS Key alias Name",
            "Type": "String",
            "Default": "alias/AWS_XXX_KMS_XXX_DefaultKMS"
        },
        "Region": {
            "Description": "Region name",
            "Type": "String"
        }
    },
    "Metadata": {
        "Stack": {
            "Value": 1
        },
        "VersionDate": {
            "Value": 20160510
        },
        "Identifier": {
            "Value": "template-KMSKey.yaml"
        },
        "Output": {
            "Description": "Outputs ID of all deployed resources"
        }
    },
    "Resources": {
        "rKMSKeyCreation": {
            "Type": "AWS::KMS::Key",
            "Properties": {
                "Description": "KMS key to be used to encrypt all data",
                "Enabled": true,
                "EnableKeyRotation": true,
                "KeyPolicy": {
                    "Version": "2012-10-17",
                    "Id": "key-consolepolicy-4",
                    "Statement": [
                        {
                            "Sid": "Allow access for Key Administrators",
                            "Effect": "Allow",
                            "Principal": {
                                "AWS": [
                                    {
                                        "Fn::Join": [
                                            "",
                                            [
                                                "arn:aws:iam::",
                                                {
                                                    "Ref": "AWS::AccountId"
                                                },
                                                ":role/",
                                                {
                                                    "Fn::Sub": [
                                                        "AWS_${Reg}_ROL_JenkinsSec_protected",
                                                        {
                                                            "Reg": {
                                                                "Ref": "Region"
                                                            }
                                                        }
                                                    ]
                                                }
                                            ]
                                        ]
                                    },
                                    {
                                        "Fn::Join": [
                                            "",
                                            [
                                                "arn:aws:iam::",
                                                {
                                                    "Ref": "AWS::AccountId"
                                                },
                                                ":role/",
                                                {
                                                    "Fn::Sub": [
                                                        "AWS_${Reg}_ROL_EISOS_protected",
                                                        {
                                                            "Reg": {
                                                                "Ref": "Region"
                                                            }
                                                        }
                                                    ]
                                                }
                                            ]
                                        ]
                                    },
                                    {
                                        "Fn::Join": [
                                            "",
                                            [
                                                "arn:aws:iam::",
                                                {
                                                    "Ref": "AWS::AccountId"
                                                },
                                                ":role/",
                                                {
                                                    "Fn::FindInMap": [
                                                        "RegionMap",
                                                        {
                                                            "Ref": "Region"
                                                        },
                                                        "RoleKeyAdmin"
                                                    ]
                                                }
                                            ]
                                        ]
                                    }
                                ]
                            },
                            "Action": [
                                "kms:Create*",
                                "kms:Describe*",
                                "kms:Enable*",
                                "kms:List*",
                                "kms:Put*",
                                "kms:Update*",
                                "kms:Revoke*",
                                "kms:Disable*",
                                "kms:Get*",
                                "kms:Delete*",
                                "kms:TagResource",
                                "kms:UntagResource",
                                "kms:ScheduleKeyDeletion",
                                "kms:CancelKeyDeletion"
                            ],
                            "Resource": "*"
                        },
                        {
                            "Sid": "Allow Display",
                            "Effect": "Allow",
                            "Principal": {
                                "AWS": [
                                    {
                                        "Fn::Join": [
                                            "",
                                            [
                                                "arn:aws:iam::",
                                                {
                                                    "Ref": "AWS::AccountId"
                                                },
                                                ":role/",
                                                {
                                                    "Fn::Sub": [
                                                        "AWS_${Reg}_ROL_Developer_protected",
                                                        {
                                                            "Reg": {
                                                                "Ref": "Region"
                                                            }
                                                        }
                                                    ]
                                                }
                                            ]
                                        ]
                                    }
                                ]
                            },
                            "Action": "kms:Getkeypolicy",
                            "Resource": "*"
                        },
                        {
                            "Sid": "Allow use of the key",
                            "Effect": "Allow",
                            "Principal": {
                                "AWS": [
                                    {
                                        "Fn::Join": [
                                            "",
                                            [
                                                "arn:aws:iam::",
                                                {
                                                    "Ref": "AWS::AccountId"
                                                },
                                                ":role/",
                                                {
                                                    "Fn::Sub": [
                                                        "AWS_${Reg}_ROL_Developer_protected",
                                                        {
                                                            "Reg": {
                                                                "Ref": "Region"
                                                            }
                                                        }
                                                    ]
                                                }
                                            ]
                                        ]
                                    }
                                ]
                            },
                            "Action": [
                                "kms:Encrypt",
                                "kms:Decrypt",
                                "kms:ReEncrypt*",
                                "kms:GenerateDataKey*",
                                "kms:DescribeKey"
                            ],
                            "Resource": "*",
                            "Condition": {
                                "StringEquals": {
                                    "kms:CallerAccount": {
                                        "Ref": "AWS::AccountId"
                                    }
                                }
                            }
                        },
                        {
                            "Sid": "Allow attachment of persistent resources",
                            "Effect": "Allow",
                            "Principal": {
                                "AWS": [
                                    {
                                        "Fn::Join": [
                                            "",
                                            [
                                                "arn:aws:iam::",
                                                {
                                                    "Ref": "AWS::AccountId"
                                                },
                                                ":role/",
                                                {
                                                    "Fn::Sub": [
                                                        "AWS_${Reg}_ROL_Jenkins_protected",
                                                        {
                                                            "Reg": {
                                                                "Ref": "Region"
                                                            }
                                                        }
                                                    ]
                                                }
                                            ]
                                        ]
                                    },
                                    {
                                        "Fn::Join": [
                                            "",
                                            [
                                                "arn:aws:iam::",
                                                {
                                                    "Ref": "AWS::AccountId"
                                                },
                                                ":role/",
                                                {
                                                    "Fn::Sub": [
                                                        "AWS_${Reg}_ROL_EISOS_protected",
                                                        {
                                                            "Reg": {
                                                                "Ref": "Region"
                                                            }
                                                        }
                                                    ]
                                                }
                                            ]
                                        ]
                                    },
                                    {
                                        "Fn::Join": [
                                            "",
                                            [
                                                "arn:aws:iam::",
                                                {
                                                    "Ref": "AWS::AccountId"
                                                },
                                                ":role/",
                                                {
                                                    "Fn::Sub": [
                                                        "AWS_${Reg}_ROL_Developer_protected",
                                                        {
                                                            "Reg": {
                                                                "Ref": "Region"
                                                            }
                                                        }
                                                    ]
                                                }
                                            ]
                                        ]
                                    }
                                ]
                            },
                            "Action": [
                                "kms:CreateGrant",
                                "kms:ListGrants",
                                "kms:RevokeGrant"
                            ],
                            "Resource": "*",
                            "Condition": {
                                "Bool": {
                                    "kms:GrantIsForAWSResource": "true"
                                }
                            }
                        }
                    ]
                }
            }
        },
        "rKMSKeyAlias": {
            "Type": "AWS::KMS::Alias",
            "Properties": {
                "AliasName": {
                    "Ref": "pKmsKeyAliasName"
                },
                "TargetKeyId": {
                    "Ref": "rKMSKeyCreation"
                }
            }
        }
    },
    "Outputs": {
        "rKMSKeyCreation": {
            "Value": {
                "Ref": "rKMSKeyCreation"
            }
        }
    },
    "Mappings": {
        "RegionMap": {
            "LON": {
                "RoleKeyAdmin": "AWS_LON_ROL_Organisations_AdministrationAccess"
            },
            "DUB": {
                "RoleKeyAdmin": "R_AWSOrganisations_AdministrationAccess"
            }
        }
    }
}
