[
  { "ParameterKey": "Business Unit",               "ParameterValue": "$business_unit" },
  { "ParameterKey": "Major Function",        "ParameterValue": "$major_function" },
  { "ParameterKey": "Service",      "ParameterValue": "$service" },
  { "ParameterKey": "Cost Centre", "ParameterValue": "$cost_center" },
  { "ParameterKey": "Environment",              "ParameterValue": "$environment" },
  { "ParameterKey": "Service Level", "ParameterValue": "$service_level" },
  { "ParameterKey": "Work Order",             "ParameterValue": "$work_order" },
  { "ParameterKey": "Creator",          "ParameterValue": "$creator_val" }
]
