[
  { "ParameterKey": "VPCName","ParameterValue": "$vpc_name" },
  { "ParameterKey": "PrivateSubnet1Name","ParameterValue": "$privatesubnetname_a" },
  { "ParameterKey": "PrivateSubnet2Name","ParameterValue": "$privatesubnetname_b" },
  { "ParameterKey": "PrivateSubnet3Name","ParameterValue": "" },
  { "ParameterKey": "PrivateSubnet4Name","ParameterValue": "" },
  { "ParameterKey": "PublicSubnet1Name","ParameterValue": "" },
  { "ParameterKey": "PublicSubnet2Name","ParameterValue": "" },
  { "ParameterKey": "PrivateSubnet1RouteTableName","ParameterValue": "$private_roottable_name_a" },
  { "ParameterKey": "PrivateSubnet2RouteTableName","ParameterValue": "$private_roottable_name_b" },
  { "ParameterKey": "PrivateSubnet3RouteTableName","ParameterValue": "" },
  { "ParameterKey": "PrivateSubnet4RouteTableName","ParameterValue": "" },
  { "ParameterKey": "PublicSubnet1RouteTableName","ParameterValue": "" },
  { "ParameterKey": "DHCPOptionsName","ParameterValue": "$dhcpoption_name" },
  { "ParameterKey": "PublicSubnetCount","ParameterValue": 0 },
  { "ParameterKey": "PrivateSubnetCount","ParameterValue": 2 },
  { "ParameterKey": "PublicBlock2","ParameterValue": "" },
  { "ParameterKey": "PrivateBlock1","ParameterValue": "$PrivateBlock1" },
  { "ParameterKey": "PrivateBlock2","ParameterValue": "$PrivateBlock2" },
  { "ParameterKey": "PrivateBlock3","ParameterValue": "" },
  { "ParameterKey": "PrivateBlock4","ParameterValue": "" },
  { "ParameterKey": "PublicBlock1","ParameterValue": "" }, 
  { "ParameterKey": "VPCCIDR","ParameterValue": "$cidr_val" }
]
