[
  { "ParameterKey": "PSub1SecurityGroupName","ParameterValue": "$PubSub1SecurityGroupName" },
  { "ParameterKey": "PSub2SecurityGroupName","ParameterValue": "$PSub2SecurityGroupName" },
  { "ParameterKey": "ILbTargetName","ParameterValue": "$ILbTargetName" },
  { "ParameterKey": "ILbName", "ParameterValue": "$ILbName" },
  { "ParameterKey": "VPCName","ParameterValue": "$vpc_name" },
  { "ParameterKey": "PrivateSubnet1Name","ParameterValue": "" },
  { "ParameterKey": "PrivateSubnet2Name","ParameterValue": "" },
  { "ParameterKey": "PrivateSubnet3Name","ParameterValue": "" },
  { "ParameterKey": "PrivateSubnet4Name","ParameterValue": "" },
  { "ParameterKey": "PublicSubnet1Name","ParameterValue": "$publicsubnetname_a" },
  { "ParameterKey": "PublicSubnet2Name","ParameterValue": "$publicsubnetname_b" },
  { "ParameterKey": "PrivateSubnet1RouteTableName","ParameterValue": "" },
  { "ParameterKey": "PrivateSubnet2RouteTableName","ParameterValue": "" },
  { "ParameterKey": "PrivateSubnet3RouteTableName","ParameterValue": "" },
  { "ParameterKey": "PrivateSubnet4RouteTableName","ParameterValue": "" },
  { "ParameterKey": "PublicSubnet1RouteTableName","ParameterValue": "$public_roottable_name" },
  { "ParameterKey": "DHCPOptionsName","ParameterValue": "$dhcpoption_name" },
  { "ParameterKey": "PublicSubnetCount","ParameterValue": 2 },
  { "ParameterKey": "PrivateSubnetCount","ParameterValue": 0 },
  { "ParameterKey": "PublicBlock2","ParameterValue": "$PublicBlock2" },
  { "ParameterKey": "PrivateBlock1","ParameterValue": "" },
  { "ParameterKey": "PrivateBlock2","ParameterValue": "" },
  { "ParameterKey": "PrivateBlock3","ParameterValue": "" },
  { "ParameterKey": "PrivateBlock4","ParameterValue": "" },
  { "ParameterKey": "PublicBlock1","ParameterValue": "$PublicBlock1" }, 
  { "ParameterKey": "VPCCIDR","ParameterValue": "$cidr_val" }
]
