[
  { "ParameterKey": "VPCName","ParameterValue": "$vpc_name" },
  { "ParameterKey": "PrivateSubnet1Name","ParameterValue": "$privatesubnetname_a" },
  { "ParameterKey": "PrivateSubnet2Name","ParameterValue": "$privatesubnetname_b" },
  { "ParameterKey": "PrivateSubnet3Name","ParameterValue": "$privatesubnetname_2a" },
  { "ParameterKey": "PrivateSubnet4Name","ParameterValue": "$privatesubnetname_2b" },
  { "ParameterKey": "PublicSubnet1Name","ParameterValue": "$publicsubnetname_a" },
  { "ParameterKey": "PublicSubnet2Name","ParameterValue": "$publicsubnetname_b" },
  { "ParameterKey": "PrivateSubnet1RouteTableName","ParameterValue": "$private_roottable_name_a" },
  { "ParameterKey": "PrivateSubnet2RouteTableName","ParameterValue": "$private_roottable_name_b" },
  { "ParameterKey": "PrivateSubnet3RouteTableName","ParameterValue": "$private_roottable_name_2a" },
  { "ParameterKey": "PrivateSubnet4RouteTableName","ParameterValue": "private_roottable_name_2b" },
  { "ParameterKey": "PublicSubnet1RouteTableName","ParameterValue": "$public_roottable_name" },
  { "ParameterKey": "DHCPOptionsName","ParameterValue": "$dhcpoption_name" },
  { "ParameterKey": "PublicSubnetCount","ParameterValue": 2 },
  { "ParameterKey": "PrivateSubnetCount","ParameterValue": 4 },
  { "ParameterKey": "PublicBlock2","ParameterValue": "$PublicBlock2" },
  { "ParameterKey": "PrivateBlock1","ParameterValue": "$PrivateBlock1" },
  { "ParameterKey": "PrivateBlock2","ParameterValue": "$PrivateBlock2" },
  { "ParameterKey": "PrivateBlock3","ParameterValue": "$PrivateBlock3" },
  { "ParameterKey": "PrivateBlock4","ParameterValue": "$PrivateBlock4" },
  { "ParameterKey": "PublicBlock1","ParameterValue": "$PublicBlock1" }, 
  { "ParameterKey": "VPCCIDR","ParameterValue": "$cidr_val" }
]
