{
    "AWSTemplateFormatVersion": "2010-09-09",
    "Resources": {
        "IAMRole": {
            "Type": "AWS::IAM::Role",
            "Properties": {
                "AssumeRolePolicyDocument": {
                    "Statement": [
                        {
                            "Effect": "Allow",
                            "Principal": {
                                "Service": [
                                    "ec2.amazonaws.com"
                                ]
                            },
                            "Action": [
                                "sts:AssumeRole"
                            ]
                        }
                    ]
                },
                "Path": "/"
            }
        },
        "IAMPolicies": {
            "Type": "AWS::IAM::Policy",
            "Properties": {
                "PolicyName": "EDF-EC2-DefaultPolicy",
                "PolicyDocument": {
                    "Statement": [
                        {
                            "Effect": "Allow",
                            "Action": [
                                "ssm:DescribeAssociation",
                                "ssm:GetDeployablePatchSnapshotForInstance",
                                "ssm:GetDocument",
                                "ssm:GetParameters",
                                "ssm:ListAssociations",
                                "ssm:ListInstanceAssociations",
                                "ssm:PutInventory",
                                "ssm:UpdateAssociationStatus",
                                "ssm:UpdateInstanceAssociationStatus",
                                "ssm:UpdateInstanceInformation"
                            ],
                            "Resource": "*"
                        },
                        {
                            "Effect": "Allow",
                            "Action": [
                                "ec2messages:AcknowledgeMessage",
                                "ec2messages:DeleteMessage",
                                "ec2messages:FailMessage",
                                "ec2messages:GetEndpoint",
                                "ec2messages:GetMessages",
                                "ec2messages:SendReply"
                            ],
                            "Resource": "*"
                        },
                        {
                            "Effect": "Allow",
                            "Action": [
                                "cloudwatch:PutMetricData"
                            ],
                            "Resource": "*"
                        },
                        {
                            "Effect": "Allow",
                            "Action": [
                                "ec2:CreateSnapshot",
                                "ec2:CreateTags",
                                "ec2:DeleteSnapshot",
                                "ec2:DescribeSnapshots",
                                "ec2:DescribeVolumes",
                                "ec2:DescribeInstances",
                                "ec2:DescribeImages",
                                "ec2:DescribeInstanceStatus"
                            ],
                            "Resource": "*"
                        },
                        {
                            "Effect": "Allow",
                            "Action": [
                                "ds:CreateComputer",
                                "ds:DescribeDirectories"
                            ],
                            "Resource": "*"
                        },
                        {
                            "Effect": "Allow",
                            "Action": [
                                "logs:CreateLogGroup",
                                "logs:CreateLogStream",
                                "logs:DescribeLogGroups",
                                "logs:DescribeLogStreams",
                                "logs:PutLogEvents"
                            ],
                            "Resource": "*"
                        },
                        {
                            "Effect": "Allow",
                            "Action": "s3:*",
                            "Resource": "*"
                        }
                    ]
                },
                "Roles": [
                    {
                        "Ref": "IAMRole"
                    }
                ]
            }
        },
        "EC2InstanceProfile": {
            "Type": "AWS::IAM::InstanceProfile",
            "Properties": {
                "Path": "/",
                "Roles": [
                    {
                        "Ref": "IAMRole"
                    }
                ]
            }
        },
        "EncryptedEBSVolume": {
            "Type": "AWS::EC2::Volume",
            "Properties": {
                "AvailabilityZone": "eu-west-1a",
                "Encrypted": true,
                "KmsKeyId": "arn:aws:kms:eu-west-1:279617892825:key/09eecd0e-b9ac-4ad9-bd24-8da5f581a4fd",
                "Size": "50",
                "Tags": [
                    {
                        "Key": "Name",
                        "Value": "AWSEC2Zenkins"
                    },
                    {
                        "Key": "Major Function",
                        "Value": "Communications"
                    },
                    {
                        "Key": "Cost Centre",
                        "Value": "CITR"
                    },
                    {
                        "Key": "Environment",
                        "Value": "SandPit"
                    },
                    {
                        "Key": "Service Level",
                        "Value": "Bronze"
                    },
                    {
                        "Key": "Work Order",
                        "Value": "1234"
                    }
                ]
            }
        },
        "AppNode": {
            "Type": "AWS::EC2::Instance",
            "Properties": {
                "AvailabilityZone": "eu-west-1a",
                "DisableApiTermination": "false",
                "InstanceInitiatedShutdownBehavior": "stop",
                "IamInstanceProfile": {
                    "Ref": "EC2InstanceProfile"
                },
                "InstanceType": "t2.micro",
                "ImageId": "ami-3a70c743",
                "KeyName": "Linux_KeyPair",
                "Monitoring": "false",
                "SubnetId": "subnet-a4a0e8c0",
                "SecurityGroupIds": [
                    "sg-3b618a40"
                ],
                "Volumes": [
                    {
                        "VolumeId": {
                            "Ref": "EncryptedEBSVolume"
                        },
                        "Device": "/dev/sdi"
                    }
                ],
                "Tags": [
                    {
                        "Key": "BackUp",
                        "Value": "DP01"
                    },
                    {
                        "Key": "Backup",
                        "Value": "DP02-Daily1"
                    },
                    {
                        "Key": "Name",
                        "Value": "AWSEC2Zenkins"
                    },
                    {
                        "Key": "Major Function",
                        "Value": "Communications"
                    },
                    {
                        "Key": "Cost Centre",
                        "Value": "CITR"
                    },
                    {
                        "Key": "Environment",
                        "Value": "SandPit"
                    },
                    {
                        "Key": "Service Level",
                        "Value": "Bronze"
                    },
                    {
                        "Key": "Work Order",
                        "Value": "1234"
                    },
                    {
                        "Key": "scheduler:ec2-startstop",
                        "Value": "24x7"
                    },
                    {
                        "Key": "edfeinstancecamera:snapshotschedule",
                        "Value": "0300"
                    },
                    {
                        "Key": "edfeinstancecamera:snapshotretention",
                        "Value": "30"
                    }
                ]
            }
        }
    },
    "Outputs": {
        "InstanceName": {
            "Description": "The instance Private DNS Name",
            "Value": {
                "Fn::GetAtt": [
                    "AppNode",
                    "PrivateDnsName"
                ]
            }
        }
    },
    "Description": "EDFE RHEL and WIN template"
}
